<?xml version="1.0" encoding="UTF-8"?>
<beans xmlns="http://www.springframework.org/schema/beans"
	xmlns:xsi="http://www.w3.org/2001/XMLSchema-instance"
	xsi:schemaLocation="http://www.springframework.org/schema/beans https://www.springframework.org/schema/beans/spring-beans-4.3.xsd">
	<bean name="address" class="com.hcl.Address">
		<property name="line1" value="2/115 Anna Nagar" />
		<property name="line2" value="Kaveripattinam" />
		<property name="city" value="Krishnagiri" />
		<property name="pincode" value="635112" />
	</bean>
	<bean name="employee" class="com.hcl.Employee">
		<property name="address" ref="address" />
		<property name="employeeName" value="Sathish" />
		<property name="employeeSalary" value="45000" />
		<property name="employeeEmail" value="me@gmail.com" />
		<property name="employeeMobileNumber1">
			<list>
				<value>7904188428</value>
				<value>7448361891</value>
				<value>9788615367</value>
			</list>
		</property>
	</bean>
</beans>
